Sample Name,Number of Events,Dataset Path
WJetsLNu_Inclusive-PreEE,87204163,/WtoLNu-4Jets_TuneCP5_13p6TeV_madgraphMLM-pythia8/Run3Summer22MiniAODv4-130X_mcRun3_2022_realistic_v5-v2/MINIAODSIM
WJetsLNu_Inclusive-PostEE,342750582,/WtoLNu-4Jets_TuneCP5_13p6TeV_madgraphMLM-pythia8/Run3Summer22EEMiniAODv4-130X_mcRun3_2022_realistic_postEE_v6-v2/MINIAODSIM
WJetsLNu_MLNu0to120_HT40to100-PreEE,147170771,/WtoLNu-4Jets_MLNu-0to120_HT-40to100_TuneCP5_13p6TeV_madgraphMLM-pythia8/Run3Summer22MiniAODv4-130X_mcRun3_2022_realistic_v5-v3/MINIAODSIM
WJetsLNu_MLNu0to120_HT40to100-PostEE,463316373,/WtoLNu-4Jets_MLNu-0to120_HT-40to100_TuneCP5_13p6TeV_madgraphMLM-pythia8/Run3Summer22EEMiniAODv4-130X_mcRun3_2022_realistic_postEE_v6-v3/MINIAODSIM
WJetsLNu_MLNu0to120_HT100to400-PreEE,101108531,/WtoLNu-4Jets_MLNu-0to120_HT-100to400_TuneCP5_13p6TeV_madgraphMLM-pythia8/Run3Summer22MiniAODv4-130X_mcRun3_2022_realistic_v5-v3/MINIAODSIM
WJetsLNu_MLNu0to120_HT100to400-PostEE,371652113,/WtoLNu-4Jets_MLNu-0to120_HT-100to400_TuneCP5_13p6TeV_madgraphMLM-pythia8/Run3Summer22EEMiniAODv4-130X_mcRun3_2022_realistic_postEE_v6-v3/MINIAODSIM
WJetsLNu_MLNu0to120_HT400to800-PreEE,13540857,/WtoLNu-4Jets_MLNu-0to120_HT-400to800_TuneCP5_13p6TeV_madgraphMLM-pythia8/Run3Summer22MiniAODv4-130X_mcRun3_2022_realistic_v5-v1/MINIAODSIM
WJetsLNu_MLNu0to120_HT400to800-PostEE,48339233,/WtoLNu-4Jets_MLNu-0to120_HT-400to800_TuneCP5_13p6TeV_madgraphMLM-pythia8/Run3Summer22EEMiniAODv4-130X_mcRun3_2022_realistic_postEE_v6-v3/MINIAODSIM
WJetsLNu_MLNu0to120_HT800to1500-PreEE,1405138,/WtoLNu-4Jets_MLNu-0to120_HT-800to1500_TuneCP5_13p6TeV_madgraphMLM-pythia8/Run3Summer22MiniAODv4-130X_mcRun3_2022_realistic_v5-v2/MINIAODSIM
WJetsLNu_MLNu0to120_HT800to1500-PostEE,5234836,/WtoLNu-4Jets_MLNu-0to120_HT-800to1500_TuneCP5_13p6TeV_madgraphMLM-pythia8/Run3Summer22EEMiniAODv4-130X_mcRun3_2022_realistic_postEE_v6-v2/MINIAODSIM
WJetsLNu_MLNu0to120_HT1500to2500-PreEE,477881,/WtoLNu-4Jets_MLNu-0to120_HT-1500to2500_TuneCP5_13p6TeV_madgraphMLM-pythia8/Run3Summer22MiniAODv4-130X_mcRun3_2022_realistic_v5-v2/MINIAODSIM
WJetsLNu_MLNu0to120_HT1500to2500-PostEE,1711928,/WtoLNu-4Jets_MLNu-0to120_HT-1500to2500_TuneCP5_13p6TeV_madgraphMLM-pythia8/Run3Summer22EEMiniAODv4-130X_mcRun3_2022_realistic_postEE_v6-v2/MINIAODSIM
WJetsLNu_MLNu0to120_HT2500toInf-PreEE,515575,/WtoLNu-4Jets_MLNu-0to120_HT-2500_TuneCP5_13p6TeV_madgraphMLM-pythia8/Run3Summer22MiniAODv4-130X_mcRun3_2022_realistic_v5-v2/MINIAODSIM
WJetsLNu_MLNu0to120_HT2500toInf-PostEE,1599608,/WtoLNu-4Jets_MLNu-0to120_HT-2500_TuneCP5_13p6TeV_madgraphMLM-pythia8/Run3Summer22EEMiniAODv4-130X_mcRun3_2022_realistic_postEE_v6-v2/MINIAODSIM
WJetsLNu_MLNu120_HT40to100-PreEE,4475020,/WtoLNu-4Jets_MLNu-120_HT-40to100_TuneCP5_13p6TeV_madgraphMLM-pythia8/Run3Summer22MiniAODv4-130X_mcRun3_2022_realistic_v5-v2/MINIAODSIM
WJetsLNu_MLNu120_HT40to100-PostEE,15239370,/WtoLNu-4Jets_MLNu-120_HT-40to100_TuneCP5_13p6TeV_madgraphMLM-pythia8/Run3Summer22EEMiniAODv4-130X_mcRun3_2022_realistic_postEE_v6-v2/MINIAODSIM
WJetsLNu_MLNu120_HT100to400-PreEE,2079958,/WtoLNu-4Jets_MLNu-120_HT-100to400_TuneCP5_13p6TeV_madgraphMLM-pythia8/Run3Summer22MiniAODv4-130X_mcRun3_2022_realistic_v5-v2/MINIAODSIM
WJetsLNu_MLNu120_HT100to400-PostEE,7213954,/WtoLNu-4Jets_MLNu-120_HT-100to400_TuneCP5_13p6TeV_madgraphMLM-pythia8/Run3Summer22EEMiniAODv4-130X_mcRun3_2022_realistic_postEE_v6-v2/MINIAODSIM
WJetsLNu_MLNu120_HT400to800-PreEE,506334,/WtoLNu-4Jets_MLNu-120_HT-400to800_TuneCP5_13p6TeV_madgraphMLM-pythia8/Run3Summer22MiniAODv4-130X_mcRun3_2022_realistic_v5-v2/MINIAODSIM
WJetsLNu_MLNu120_HT400to800-PostEE,1676635,/WtoLNu-4Jets_MLNu-120_HT-400to800_TuneCP5_13p6TeV_madgraphMLM-pythia8/Run3Summer22EEMiniAODv4-130X_mcRun3_2022_realistic_postEE_v6-v2/MINIAODSIM
WJetsLNu_MLNu120_HT800to1500-PreEE,483978,/WtoLNu-4Jets_MLNu-120_HT-800to1500_TuneCP5_13p6TeV_madgraphMLM-pythia8/Run3Summer22MiniAODv4-130X_mcRun3_2022_realistic_v5-v2/MINIAODSIM
WJetsLNu_MLNu120_HT800to1500-PostEE,1702583,/WtoLNu-4Jets_MLNu-120_HT-800to1500_TuneCP5_13p6TeV_madgraphMLM-pythia8/Run3Summer22EEMiniAODv4-130X_mcRun3_2022_realistic_postEE_v6-v2/MINIAODSIM
WJetsLNu_MLNu120_HT1500to2500-PreEE,486619,/WtoLNu-4Jets_MLNu-120_HT-1500to2500_TuneCP5_13p6TeV_madgraphMLM-pythia8/Run3Summer22MiniAODv4-130X_mcRun3_2022_realistic_v5-v2/MINIAODSIM
WJetsLNu_MLNu120_HT1500to2500-PostEE,1716607,/WtoLNu-4Jets_MLNu-120_HT-1500to2500_TuneCP5_13p6TeV_madgraphMLM-pythia8/Run3Summer22EEMiniAODv4-130X_mcRun3_2022_realistic_postEE_v6-v2/MINIAODSIM
WJetsLNu_MLNu120_HT2500toInf-PreEE,489635,/WtoLNu-4Jets_MLNu-120_HT-2500_TuneCP5_13p6TeV_madgraphMLM-pythia8/Run3Summer22MiniAODv4-130X_mcRun3_2022_realistic_v5-v2/MINIAODSIM
WJetsLNu_MLNu120_HT2500toInf-PostEE,1770421,/WtoLNu-4Jets_MLNu-120_HT-2500_TuneCP5_13p6TeV_madgraphMLM-pythia8/Run3Summer22EEMiniAODv4-130X_mcRun3_2022_realistic_postEE_v6-v2/MINIAODSIM
ZJetsNuNu_HT100to200-PreEE,30756166,/Zto2Nu-4Jets_HT-100to200_TuneCP5_13p6TeV_madgraphMLM-pythia8/Run3Summer22MiniAODv4-130X_mcRun3_2022_realistic_v5-v2/MINIAODSIM
ZJetsNuNu_HT100to200-PostEE,105760070,/Zto2Nu-4Jets_HT-100to200_TuneCP5_13p6TeV_madgraphMLM-pythia8/Run3Summer22EEMiniAODv4-130X_mcRun3_2022_realistic_postEE_v6-v2/MINIAODSIM
ZJetsNuNu_HT200to400-PreEE,19004069,/Zto2Nu-4Jets_HT-200to400_TuneCP5_13p6TeV_madgraphMLM-pythia8/Run3Summer22MiniAODv4-130X_mcRun3_2022_realistic_v5-v2/MINIAODSIM
ZJetsNuNu_HT200to400-PostEE,67192626,/Zto2Nu-4Jets_HT-200to400_TuneCP5_13p6TeV_madgraphMLM-pythia8/Run3Summer22EEMiniAODv4-130X_mcRun3_2022_realistic_postEE_v6-v2/MINIAODSIM
ZJetsNuNu_HT400to800-PreEE,1899469,/Zto2Nu-4Jets_HT-400to800_TuneCP5_13p6TeV_madgraphMLM-pythia8/Run3Summer22MiniAODv4-130X_mcRun3_2022_realistic_v5-v2/MINIAODSIM
ZJetsNuNu_HT400to800-PostEE,7094946,/Zto2Nu-4Jets_HT-400to800_TuneCP5_13p6TeV_madgraphMLM-pythia8/Run3Summer22EEMiniAODv4-130X_mcRun3_2022_realistic_postEE_v6-v2/MINIAODSIM
ZJetsNuNu_HT800to1500-PreEE,529827,/Zto2Nu-4Jets_HT-800to1500_TuneCP5_13p6TeV_madgraphMLM-pythia8/Run3Summer22MiniAODv4-130X_mcRun3_2022_realistic_v5-v2/MINIAODSIM
ZJetsNuNu_HT800to1500-PostEE,1555257,/Zto2Nu-4Jets_HT-800to1500_TuneCP5_13p6TeV_madgraphMLM-pythia8/Run3Summer22EEMiniAODv4-130X_mcRun3_2022_realistic_postEE_v6-v1/MINIAODSIM
ZJetsNuNu_HT1500to2500-PreEE,475222,/Zto2Nu-4Jets_HT-1500to2500_TuneCP5_13p6TeV_madgraphMLM-pythia8/Run3Summer22MiniAODv4-130X_mcRun3_2022_realistic_v5-v2/MINIAODSIM
ZJetsNuNu_HT1500to2500-PostEE,1795446,/Zto2Nu-4Jets_HT-1500to2500_TuneCP5_13p6TeV_madgraphMLM-pythia8/Run3Summer22EEMiniAODv4-130X_mcRun3_2022_realistic_postEE_v6-v2/MINIAODSIM
ZJetsNuNu_HT2500toInf-PreEE,542755,/Zto2Nu-4Jets_HT-2500_TuneCP5_13p6TeV_madgraphMLM-pythia8/Run3Summer22MiniAODv4-130X_mcRun3_2022_realistic_v5-v2/MINIAODSIM
ZJetsNuNu_HT2500toInf-PostEE,1651722,/Zto2Nu-4Jets_HT-2500_TuneCP5_13p6TeV_madgraphMLM-pythia8/Run3Summer22EEMiniAODv4-130X_mcRun3_2022_realistic_postEE_v6-v2/MINIAODSIM
QCD1-PreEE,20453487,/QCD-4Jets_HT-40to70_TuneCP5_13p6TeV_madgraphMLM-pythia8/Run3Summer22MiniAODv4-130X_mcRun3_2022_realistic_v5-v2/MINIAODSIM
QCD1-PostEE,71281801,/QCD-4Jets_HT-40to70_TuneCP5_13p6TeV_madgraphMLM-pythia8/Run3Summer22EEMiniAODv4-130X_mcRun3_2022_realistic_postEE_v6-v5/MINIAODSIM
QCD2-PreEE,19404084,/QCD-4Jets_HT-70to100_TuneCP5_13p6TeV_madgraphMLM-pythia8/Run3Summer22MiniAODv4-130X_mcRun3_2022_realistic_v5-v2/MINIAODSIM
QCD2-PostEE,65650613,/QCD-4Jets_HT-70to100_TuneCP5_13p6TeV_madgraphMLM-pythia8/Run3Summer22EEMiniAODv4-130X_mcRun3_2022_realistic_postEE_v6-v2/MINIAODSIM
QCD3-PreEE,19144117,/QCD-4Jets_HT-100to200_TuneCP5_13p6TeV_madgraphMLM-pythia8/Run3Summer22MiniAODv4-130X_mcRun3_2022_realistic_v5-v2/MINIAODSIM
QCD3-PostEE,69761606,/QCD-4Jets_HT-100to200_TuneCP5_13p6TeV_madgraphMLM-pythia8/Run3Summer22EEMiniAODv4-130X_mcRun3_2022_realistic_postEE_v6-v2/MINIAODSIM
QCD4-PreEE,20678905,/QCD-4Jets_HT-200to400_TuneCP5_13p6TeV_madgraphMLM-pythia8/Run3Summer22MiniAODv4-130X_mcRun3_2022_realistic_v5-v2/MINIAODSIM
QCD4-PostEE,70346066,/QCD-4Jets_HT-200to400_TuneCP5_13p6TeV_madgraphMLM-pythia8/Run3Summer22EEMiniAODv4-130X_mcRun3_2022_realistic_postEE_v6-v2/MINIAODSIM
QCD5-PreEE,19511697,/QCD-4Jets_HT-400to600_TuneCP5_13p6TeV_madgraphMLM-pythia8/Run3Summer22MiniAODv4-130X_mcRun3_2022_realistic_v5-v2/MINIAODSIM
QCD5-PostEE,69822167,/QCD-4Jets_HT-400to600_TuneCP5_13p6TeV_madgraphMLM-pythia8/Run3Summer22EEMiniAODv4-130X_mcRun3_2022_realistic_postEE_v6-v2/MINIAODSIM
QCD6-PreEE,19069861,/QCD-4Jets_HT-600to800_TuneCP5_13p6TeV_madgraphMLM-pythia8/Run3Summer22MiniAODv4-130X_mcRun3_2022_realistic_v5-v2/MINIAODSIM
QCD6-PostEE,64370721,/QCD-4Jets_HT-600to800_TuneCP5_13p6TeV_madgraphMLM-pythia8/Run3Summer22EEMiniAODv4-130X_mcRun3_2022_realistic_postEE_v6-v2/MINIAODSIM
QCD7-PreEE,21523196,/QCD-4Jets_HT-800to1000_TuneCP5_13p6TeV_madgraphMLM-pythia8/Run3Summer22MiniAODv4-130X_mcRun3_2022_realistic_v5-v2/MINIAODSIM
QCD7-PostEE,68693960,/QCD-4Jets_HT-800to1000_TuneCP5_13p6TeV_madgraphMLM-pythia8/Run3Summer22EEMiniAODv4-130X_mcRun3_2022_realistic_postEE_v6-v2/MINIAODSIM
QCD8-PreEE,20817696,/QCD-4Jets_HT-1000to1200_TuneCP5_13p6TeV_madgraphMLM-pythia8/Run3Summer22MiniAODv4-130X_mcRun3_2022_realistic_v5-v2/MINIAODSIM
QCD8-PostEE,70999624,/QCD-4Jets_HT-1000to1200_TuneCP5_13p6TeV_madgraphMLM-pythia8/Run3Summer22EEMiniAODv4-130X_mcRun3_2022_realistic_postEE_v6-v2/MINIAODSIM
QCD9-PreEE,21890894,/QCD-4Jets_HT-1200to1500_TuneCP5_13p6TeV_madgraphMLM-pythia8/Run3Summer22MiniAODv4-130X_mcRun3_2022_realistic_v5-v2/MINIAODSIM
QCD9-PostEE,73049592,/QCD-4Jets_HT-1200to1500_TuneCP5_13p6TeV_madgraphMLM-pythia8/Run3Summer22EEMiniAODv4-130X_mcRun3_2022_realistic_postEE_v6-v2/MINIAODSIM
QCD10-PreEE,21645853,/QCD-4Jets_HT-1500to2000_TuneCP5_13p6TeV_madgraphMLM-pythia8/Run3Summer22MiniAODv4-130X_mcRun3_2022_realistic_v5-v2/MINIAODSIM
QCD10-PostEE,64326676,/QCD-4Jets_HT-1500to2000_TuneCP5_13p6TeV_madgraphMLM-pythia8/Run3Summer22EEMiniAODv4-130X_mcRun3_2022_realistic_postEE_v6-v2/MINIAODSIM
QCD11-PreEE,18161778,/QCD-4Jets_HT-2000_TuneCP5_13p6TeV_madgraphMLM-pythia8/Run3Summer22MiniAODv4-130X_mcRun3_2022_realistic_v5-v2/MINIAODSIM
QCD11-PostEE,65142786,/QCD-4Jets_HT-2000_TuneCP5_13p6TeV_madgraphMLM-pythia8/Run3Summer22EEMiniAODv4-130X_mcRun3_2022_realistic_postEE_v6-v2/MINIAODSIM
DY_LowMass_PreEE,151244141,/DYto2L-4Jets_MLL-10to50_TuneCP5_13p6TeV_madgraphMLM-pythia8/Run3Summer22MiniAODv4-130X_mcRun3_2022_realistic_v5-v2/MINIAODSIM
DY_HighMass_PreEE,73131170,/DYto2L-4Jets_MLL-50_TuneCP5_13p6TeV_madgraphMLM-pythia8/Run3Summer22MiniAODv4-130X_mcRun3_2022_realistic_v5-v3/MINIAODSIM
DY_LowMass_PostEE,503226689,/DYto2L-4Jets_MLL-10to50_TuneCP5_13p6TeV_madgraphMLM-pythia8/Run3Summer22EEMiniAODv4-130X_mcRun3_2022_realistic_postEE_v6-v4/MINIAODSIM
DY_HighMass_PostEE,264413000,/DYto2L-4Jets_MLL-50_TuneCP5_13p6TeV_madgraphMLM-pythia8/Run3Summer22EEMiniAODv4-130X_mcRun3_2022_realistic_postEE_v6-v3/MINIAODSIM
WZ-WZ_PreEE,7479528,/WZ_TuneCP5_13p6TeV_pythia8/Run3Summer22MiniAODv4-130X_mcRun3_2022_realistic_v5-v2/MINIAODSIM
WZ-WZ_PostEE,26722782,/WZ_TuneCP5_13p6TeV_pythia8/Run3Summer22EEMiniAODv4-130X_mcRun3_2022_realistic_postEE_v6-v2/MINIAODSIM
WW-WW_PreEE,15405496,/WW_TuneCP5_13p6TeV_pythia8/Run3Summer22MiniAODv4-130X_mcRun3_2022_realistic_v5-v2/MINIAODSIM
WW-WW_PostEE,53112080,/WW_TuneCP5_13p6TeV_pythia8/Run3Summer22EEMiniAODv4-130X_mcRun3_2022_realistic_postEE_v6-v2/MINIAODSIM
WWW-WWW_PreEE,450000,/WWW_4F_TuneCP5_13p6TeV_amcatnlo-madspin-pythia8/Run3Summer22MiniAODv4-130X_mcRun3_2022_realistic_v5-v2/MINIAODSIM
WWW-WWW_PostEE,1482480,/WWW_4F_TuneCP5_13p6TeV_amcatnlo-madspin-pythia8/Run3Summer22EEMiniAODv4-130X_mcRun3_2022_realistic_postEE_v6-v2/MINIAODSIM
WWZ_PreEE,1950044,/WWZ_4F_TuneCP5_13p6TeV_amcatnlo-pythia8/Run3Summer22MiniAODv4-130X_mcRun3_2022_realistic_v5-v2/MINIAODSIM
WWZ_PostEE,5771216,/WWZ_4F_TuneCP5_13p6TeV_amcatnlo-pythia8/Run3Summer22EEMiniAODv4-130X_mcRun3_2022_realistic_postEE_v6-v2/MINIAODSIM
WZZ_Post_EE,5751288,/WZZ_TuneCP5_13p6TeV_amcatnlo-pythia8/Run3Summer22EEMiniAODv4-130X_mcRun3_2022_realistic_postEE_v6-v2/MINIAODSIM
WZZ_Pre_EE,1987058,/WZZ_TuneCP5_13p6TeV_amcatnlo-pythia8/Run3Summer22MiniAODv4-130X_mcRun3_2022_realistic_v5-v2/MINIAODSIM
ZZ_PreEE,1181750,/ZZ_TuneCP5_13p6TeV_pythia8/Run3Summer22MiniAODv4-130X_mcRun3_2022_realistic_v5-v2/MINIAODSIM
ZZ_PostEE,4043040,/ZZ_TuneCP5_13p6TeV_pythia8/Run3Summer22EEMiniAODv4-130X_mcRun3_2022_realistic_postEE_v6-v2/MINIAODSIM
ZZZ_PreEE,1970234,/ZZZ_TuneCP5_13p6TeV_amcatnlo-pythia8/Run3Summer22MiniAODv4-130X_mcRun3_2022_realistic_v5-v2/MINIAODSIM
ZZZ_PostEE,5872560,/ZZZ_TuneCP5_13p6TeV_amcatnlo-pythia8/Run3Summer22EEMiniAODv4-130X_mcRun3_2022_realistic_postEE_v6-v2/MINIAODSIM
TTto2L2Nu_PreEE,23802613,/TTto2L2Nu_TuneCP5_13p6TeV_powheg-pythia8/Run3Summer22MiniAODv4-130X_mcRun3_2022_realistic_v5-v2/MINIAODSIM
TTto2L2Nu_PostEE,74311182,/TTto2L2Nu_TuneCP5_13p6TeV_powheg-pythia8/Run3Summer22EEMiniAODv4-130X_mcRun3_2022_realistic_postEE_v6-v2/MINIAODSIM
TTtoHadronic_PreEE,53220176,/TTto4Q_TuneCP5_13p6TeV_powheg-pythia8/Run3Summer22MiniAODv4-130X_mcRun3_2022_realistic_v5-v2/MINIAODSIM
TTtoHadronic_PostEE,179466187,/TTto4Q_TuneCP5_13p6TeV_powheg-pythia8/Run3Summer22EEMiniAODv4-130X_mcRun3_2022_realistic_postEE_v6-v2/MINIAODSIM
TTtoSemiLeptonic_PreEE,66419700,/TTtoLNu2Q_TuneCP5_13p6TeV_powheg-pythia8/Run3Summer22MiniAODv4-130X_mcRun3_2022_realistic_v5-v2/MINIAODSIM
TTtoSemiLeptonic_PostEE,265581161,/TTtoLNu2Q_TuneCP5_13p6TeV_powheg-pythia8/Run3Summer22EEMiniAODv4-130X_mcRun3_2022_realistic_postEE_v6-v2/MINIAODSIM
ST_t-channel_top_PreEE,2973675,/TBbarQ_t-channel_4FS_TuneCP5_13p6TeV_powheg-madspin-pythia8/Run3Summer22MiniAODv4-130X_mcRun3_2022_realistic_v5-v2/MINIAODSIM
ST_t-channel_top_PostEE,10178237,/TBbarQ_t-channel_4FS_TuneCP5_13p6TeV_powheg-madspin-pythia8/Run3Summer22EEMiniAODv4-130X_mcRun3_2022_realistic_postEE_v6-v2/MINIAODSIM
ST_t-channel_antitop_PreEE,1433215,/TbarBQ_t-channel_4FS_TuneCP5_13p6TeV_powheg-madspin-pythia8/Run3Summer22MiniAODv4-130X_mcRun3_2022_realistic_v5-v2/MINIAODSIM
ST_t-channel_antitop_PostEE,5185208,/TbarBQ_t-channel_4FS_TuneCP5_13p6TeV_powheg-madspin-pythia8/Run3Summer22EEMiniAODv4-130X_mcRun3_2022_realistic_postEE_v6-v2/MINIAODSIM
ST_tW_top_PreEE,1485032,/TWminus_DR_AtLeastOneLepton_TuneCP5_13p6TeV_powheg-pythia8/Run3Summer22MiniAODv4-130X_mcRun3_2022_realistic_v5-v2/MINIAODSIM
ST_tW_top_PostEE,5448768,/TWminus_DR_AtLeastOneLepton_TuneCP5_13p6TeV_powheg-pythia8/Run3Summer22EEMiniAODv4-130X_mcRun3_2022_realistic_postEE_v6-v2/MINIAODSIM
ST_tW_antitop_PreEE,1412032,/TbarWplus_DR_AtLeastOneLepton_TuneCP5_13p6TeV_powheg-pythia8/Run3Summer22MiniAODv4-130X_mcRun3_2022_realistic_v5-v2/MINIAODSIM
ST_tW_antitop_PostEE,5034737,/TbarWplus_DR_AtLeastOneLepton_TuneCP5_13p6TeV_powheg-pythia8/Run3Summer22EEMiniAODv4-130X_mcRun3_2022_realistic_postEE_v6-v2/MINIAODSIM
ST_s-channel_top_PreEE,1271280,/TBbartoLplusNuBbar-s-channel-4FS_TuneCP5_13p6TeV_amcatnlo-pythia8/Run3Summer22MiniAODv4-130X_mcRun3_2022_realistic_v5-v2/MINIAODSIM
ST_s-channel_top_PostEE,4363850,/TBbartoLplusNuBbar-s-channel-4FS_TuneCP5_13p6TeV_amcatnlo-pythia8/Run3Summer22EEMiniAODv4-130X_mcRun3_2022_realistic_postEE_v6-v2/MINIAODSIM
ZGToNuNuG-PreEE,8710860,/ZGto2NuG-1Jets_PTG-10to100_TuneCP5_13p6TeV_amcatnloFXFX-pythia8/Run3Summer22MiniAODv4-130X_mcRun3_2022_realistic_v5-v3/MINIAODSIM
ZGToNuNuG-PostEE,28351375,/ZGto2NuG-1Jets_PTG-10to100_TuneCP5_13p6TeV_amcatnloFXFX-pythia8/Run3Summer22EEMiniAODv4-130X_mcRun3_2022_realistic_postEE_v6-v3/MINIAODSIM
ZG2JTo2L2JG-PreEE,199323,/ZG2JtoG2L2J_EWK_MLL-50_MJJ-120_TuneCP5_withDipoleRecoil_13p6TeV_madgraph-pythia8/Run3Summer22MiniAODv4-130X_mcRun3_2022_realistic_v5-v2/MINIAODSIM
ZG2JTo2L2JG-PostEE,686080,/ZG2JtoG2L2J_EWK_MLL-50_MJJ-120_TuneCP5_withDipoleRecoil_13p6TeV_madgraph-pythia8/Run3Summer22EEMiniAODv4-130X_mcRun3_2022_realistic_postEE_v6-v3/MINIAODSIM
ZGToJJG-PreEE,5046653,/ZGto2QG-1Jets_TuneCP5_13p6TeV_amcatnloFXFX-pythia8/Run3Summer22MiniAODv4-130X_mcRun3_2022_realistic_v5-v2/MINIAODSIM
ZGToJJG-PostEE,15554389,/ZGto2QG-1Jets_TuneCP5_13p6TeV_amcatnloFXFX-pythia8/Run3Summer22EEMiniAODv4-130X_mcRun3_2022_realistic_postEE_v6-v2/MINIAODSIM
